<?xml version="1.0" encoding="UTF-8"?><rss version="2.0"
	xmlns:content="http://purl.org/rss/1.0/modules/content/"
	xmlns:wfw="http://wellformedweb.org/CommentAPI/"
	xmlns:dc="http://purl.org/dc/elements/1.1/"
	xmlns:atom="http://www.w3.org/2005/Atom"
	xmlns:sy="http://purl.org/rss/1.0/modules/syndication/"
	xmlns:slash="http://purl.org/rss/1.0/modules/slash/"
	>

<channel>
	<title>Uncategorized &#8211; SG</title>
	<atom:link href="./index.html" rel="self" type="application/rss+xml" />
	<link>./../../../index.html</link>
	<description></description>
	<lastBuildDate>Mon, 12 Jul 2021 11:50:42 +0000</lastBuildDate>
	<language>en-US</language>
	<sy:updatePeriod>
	hourly	</sy:updatePeriod>
	<sy:updateFrequency>
	1	</sy:updateFrequency>
	<generator>https://wordpress.org/?v=5.8</generator>
	<item>
		<title>very Close strong</title>
		<link>./../../../very-close-strong/index.html</link>
					<comments>./../../../very-close-strong/index.html#respond</comments>
		
		<dc:creator><![CDATA[admin]]></dc:creator>
		<pubDate>Mon, 12 Jul 2021 11:50:38 +0000</pubDate>
				<category><![CDATA[Uncategorized]]></category>
		<guid isPermaLink="false">./../../../index.html?p=1086</guid>

					<description><![CDATA[You’ve come this far. Now, it’s time to write a killer close that will help cement your post in your reader’s mind, create engagement, and encourage social sharing. Let’s look at a few. Simply end at a natural stopping point.&#160;No wrap-ups, no frills—just end when you’re finished. Give it a try if it suits your &#8230;<p class="read-more"> <a class="" href="./../../../very-close-strong/index.html"> <span class="screen-reader-text">very Close strong</span> Read More &#187;</a></p>]]></description>
										<content:encoded><![CDATA[
<p>You’ve come this far. Now, it’s time to write a killer close that will help cement your post in your reader’s mind, create engagement, and encourage social sharing. Let’s look at a few.</p>



<figure class="wp-block-image size-large is-resized"><img loading="lazy" src="./../../../wp-content/uploads/2021/04/b2c71646-88bf-410e-b91d-51e63e27cb94.jpg" alt="" class="wp-image-322" width="508" height="285"/></figure>



<ul><li><strong>Simply end at a natural stopping point.</strong>&nbsp;No wrap-ups, no frills—just end when you’re finished. Give it a try if it suits your post and writing style.</li><li><strong>Wrap it up with a summary paragraph.</strong>&nbsp;This is by far the most traditional approach. Summarize your conclusions and add some closing thoughts.</li><li><strong>Create a TL;DR.</strong>&nbsp;For better or worse, we skim when we read online. A TL;DR is usually a simple bulleted list that lets a reader see your conclusions at a glance. You never know—the TL;DR could inspire someone to go back and read the full article.</li></ul>
]]></content:encoded>
					
					<wfw:commentRss>./../../../very-close-strong/feed/index.html</wfw:commentRss>
			<slash:comments>0</slash:comments>
		
		
			</item>
		<item>
		<title>Strong   emotionally</title>
		<link>./../../../strong-emotionally/index.html</link>
					<comments>./../../../strong-emotionally/index.html#respond</comments>
		
		<dc:creator><![CDATA[admin]]></dc:creator>
		<pubDate>Mon, 12 Jul 2021 11:47:51 +0000</pubDate>
				<category><![CDATA[Uncategorized]]></category>
		<guid isPermaLink="false">./../../../index.html?p=1083</guid>

					<description><![CDATA[Remember what I briefly mentioned about the human negativity bias? Our brains are wired to look for danger, and so we’re naturally drawn to warnings and other information that’s skewed toward the negative. (In fact, the media uses the negativity bias to capture our attention because it works so well.) Using negativity is a kind &#8230;<p class="read-more"> <a class="" href="./../../../strong-emotionally/index.html"> <span class="screen-reader-text">Strong   emotionally</span> Read More &#187;</a></p>]]></description>
										<content:encoded><![CDATA[
<p>Remember what I briefly mentioned about the human negativity bias? Our brains are wired to look for danger, and so we’re naturally drawn to warnings and other information that’s skewed toward the negative. (In fact, the media uses the negativity bias to capture our attention because it works so well.) Using negativity is a kind of emotional writing.</p>



<p>But that doesn’t mean you have to be a constant downer in order to keep your readers hooked. You can create interest just by&nbsp;<a rel="noreferrer noopener" href="https://www.grammarly.com/blog/bland-writing/" target="_blank">using emotional language</a>&nbsp;to write on topics your readers care about. PRO TIP: How do you know people will care about your topic? Because&nbsp;<em>you</em>&nbsp;care about it!</p>



<p>Remember what I briefly mentioned about the human negativity bias? Our brains are wired to look for danger, and so we’re naturally drawn to warnings and other information that’s skewed toward the negative. (In fact, the media uses the negativity bias to capture our attention because it works so well.) Using negativity is a kind of emotional writing.</p>



<figure class="wp-block-image size-large is-resized is-style-default"><img loading="lazy" src="./../../../wp-content/uploads/2021/05/glenn-carstens-peters-npxXWgQ33ZQ-unsplash-1024x681.jpg" alt="" class="wp-image-809" width="600" height="398"/></figure>



<p>But that doesn’t mean you have to be a constant downer in order to keep your readers hooked. You can create interest just by&nbsp;<a rel="noreferrer noopener" href="https://www.grammarly.com/blog/bland-writing/" target="_blank">using emotional language</a>&nbsp;to write on topics your readers care about. PRO TIP: How do you know people will care about your topic? Because&nbsp;<em>you</em>&nbsp;care about it!</p>



<p>Remember what I briefly mentioned about the human negativity bias? Our brains are wired to look for danger, and so we’re naturally drawn to warnings and other information that’s skewed toward the negative. (In fact, the media uses the negativity bias to capture our attention because it works so well.) Using negativity is a kind of emotional writing.</p>



<p>But that doesn’t mean you have to be a constant downer in order to keep your readers hooked. You can create interest just by&nbsp;<a href="https://www.grammarly.com/blog/bland-writing/" target="_blank" rel="noreferrer noopener">using emotional language</a>&nbsp;to write on topics your readers care about. PRO TIP: How do you know people will care about your topic? Because&nbsp;<em>you</em>&nbsp;care about it!</p>
]]></content:encoded>
					
					<wfw:commentRss>./../../../strong-emotionally/feed/index.html</wfw:commentRss>
			<slash:comments>0</slash:comments>
		
		
			</item>
		<item>
		<title>Write emotionally</title>
		<link>./../../../write-emotionally/index.html</link>
					<comments>./../../../write-emotionally/index.html#respond</comments>
		
		<dc:creator><![CDATA[admin]]></dc:creator>
		<pubDate>Mon, 12 Jul 2021 10:14:23 +0000</pubDate>
				<category><![CDATA[Uncategorized]]></category>
		<guid isPermaLink="false">./../../../index.html?p=1074</guid>

					<description><![CDATA[Remember what I briefly mentioned about the human negativity bias? Our brains are wired to look for danger, and so we’re naturally drawn to warnings and other information that’s skewed toward the negative. (In fact, the media uses the negativity bias to capture our attention because it works so well.) Using negativity is a kind &#8230;<p class="read-more"> <a class="" href="./../../../write-emotionally/index.html"> <span class="screen-reader-text">Write emotionally</span> Read More &#187;</a></p>]]></description>
										<content:encoded><![CDATA[
<p>Remember what I briefly mentioned about the human negativity bias? Our brains are wired to look for danger, and so we’re naturally drawn to warnings and other information that’s skewed toward the negative. (In fact, the media uses the negativity bias to capture our attention because it works so well.) Using negativity is a kind of emotional writing.</p>



<p>But that doesn’t mean you have to be a constant downer in order to keep your readers hooked. You can create interest just by&nbsp;<a rel="noreferrer noopener" href="https://www.grammarly.com/blog/bland-writing/" target="_blank">using emotional language</a>&nbsp;to write on topics your readers care about. PRO TIP: How do you know people will care about your topic? Because&nbsp;<em>you</em>&nbsp;care about it!</p>



<p>Remember what I briefly mentioned about the human negativity bias? Our brains are wired to look for danger, and so we’re naturally drawn to warnings and other information that’s skewed toward the negative. (In fact, the media uses the negativity bias to capture our attention because it works so well.) Using negativity is a kind of emotional writing.</p>



<figure class="wp-block-image size-large is-resized is-style-default"><img loading="lazy" src="./../../../wp-content/uploads/2021/05/glenn-carstens-peters-npxXWgQ33ZQ-unsplash-1024x681.jpg" alt="" class="wp-image-809" width="600" height="398"/></figure>



<p>But that doesn’t mean you have to be a constant downer in order to keep your readers hooked. You can create interest just by&nbsp;<a rel="noreferrer noopener" href="https://www.grammarly.com/blog/bland-writing/" target="_blank">using emotional language</a>&nbsp;to write on topics your readers care about. PRO TIP: How do you know people will care about your topic? Because&nbsp;<em>you</em>&nbsp;care about it!</p>



<p>Remember what I briefly mentioned about the human negativity bias? Our brains are wired to look for danger, and so we’re naturally drawn to warnings and other information that’s skewed toward the negative. (In fact, the media uses the negativity bias to capture our attention because it works so well.) Using negativity is a kind of emotional writing.</p>



<p>But that doesn’t mean you have to be a constant downer in order to keep your readers hooked. You can create interest just by&nbsp;<a href="https://www.grammarly.com/blog/bland-writing/" target="_blank" rel="noreferrer noopener">using emotional language</a>&nbsp;to write on topics your readers care about. PRO TIP: How do you know people will care about your topic? Because&nbsp;<em>you</em>&nbsp;care about it!</p>
]]></content:encoded>
					
					<wfw:commentRss>./../../../write-emotionally/feed/index.html</wfw:commentRss>
			<slash:comments>0</slash:comments>
		
		
			</item>
		<item>
		<title>Write naturally</title>
		<link>./../../../write-naturally/index.html</link>
					<comments>./../../../write-naturally/index.html#respond</comments>
		
		<dc:creator><![CDATA[admin]]></dc:creator>
		<pubDate>Mon, 12 Jul 2021 10:13:08 +0000</pubDate>
				<category><![CDATA[Uncategorized]]></category>
		<guid isPermaLink="false">./../../../index.html?p=1072</guid>

					<description><![CDATA[The one thing you have that other writers don’t is your voice. Cultivate it! If it works for your article, consider writing in the first person and including some relatable anecdotes. (Like my “And another thing!” tale.) Whenever you can, tell a story, whether it’s your own or someone else’s. The one thing you have &#8230;<p class="read-more"> <a class="" href="./../../../write-naturally/index.html"> <span class="screen-reader-text">Write naturally</span> Read More &#187;</a></p>]]></description>
										<content:encoded><![CDATA[
<p>The one thing you have that other writers don’t is your voice. Cultivate it! If it works for your article, consider writing in the first person and including some relatable anecdotes. (Like my “And another thing!” tale.) Whenever you can, tell a story, whether it’s your own or someone else’s.</p>



<figure class="wp-block-image size-full is-resized is-style-default"><img loading="lazy" src="./../../../wp-content/uploads/2021/04/bbf37626b28b964fa6e618eca793e592.jpg" alt="" class="wp-image-72" width="425" height="339"/></figure>



<p>The one thing you have that other writers don’t is your voice. Cultivate it! If it works for your article, consider writing in the first person and including some relatable anecdotes. (Like my “And another thing!” tale.) Whenever you can, tell a story, whether it’s your own or someone else’s.</p>



<p>The one thing you have that other writers don’t is your voice. Cultivate it! If it works for your article, consider writing in the first person and including some relatable anecdotes. (Like my “And another thing!” tale.) Whenever you can, tell a story, whether it’s your own or someone else’s.</p>



<p>The one thing you have that other writers don’t is your voice. Cultivate it! If it works for your article, consider writing in the first person and including some relatable anecdotes. (Like my “And another thing!” tale.) Whenever you can, tell a story, whether it’s your own or someone else’s.</p>



<p>The one thing you have that other writers don’t is your voice. Cultivate it! If it works for your article, consider writing in the first person and including some relatable anecdotes. (Like my “And another thing!” tale.) Whenever you can, tell a story, whether it’s your own or someone else’s.</p>
]]></content:encoded>
					
					<wfw:commentRss>./../../../write-naturally/feed/index.html</wfw:commentRss>
			<slash:comments>0</slash:comments>
		
		
			</item>
		<item>
		<title>Close strong</title>
		<link>./../../../close-strong/index.html</link>
					<comments>./../../../close-strong/index.html#respond</comments>
		
		<dc:creator><![CDATA[admin]]></dc:creator>
		<pubDate>Mon, 12 Jul 2021 10:10:39 +0000</pubDate>
				<category><![CDATA[Uncategorized]]></category>
		<guid isPermaLink="false">./../../../index.html?p=1070</guid>

					<description><![CDATA[You’ve come this far. Now, it’s time to write a killer close that will help cement your post in your reader’s mind, create engagement, and encourage social sharing. Let’s look at a few. Simply end at a natural stopping point.&#160;No wrap-ups, no frills—just end when you’re finished. Give it a try if it suits your &#8230;<p class="read-more"> <a class="" href="./../../../close-strong/index.html"> <span class="screen-reader-text">Close strong</span> Read More &#187;</a></p>]]></description>
										<content:encoded><![CDATA[
<p>You’ve come this far. Now, it’s time to write a killer close that will help cement your post in your reader’s mind, create engagement, and encourage social sharing. Let’s look at a few.</p>



<figure class="wp-block-image size-large is-resized"><img loading="lazy" src="./../../../wp-content/uploads/2021/04/b2c71646-88bf-410e-b91d-51e63e27cb94.jpg" alt="" class="wp-image-322" width="508" height="285"/></figure>



<ul><li><strong>Simply end at a natural stopping point.</strong>&nbsp;No wrap-ups, no frills—just end when you’re finished. Give it a try if it suits your post and writing style.</li><li><strong>Wrap it up with a summary paragraph.</strong>&nbsp;This is by far the most traditional approach. Summarize your conclusions and add some closing thoughts.</li><li><strong>Create a TL;DR.</strong>&nbsp;For better or worse, we skim when we read online. A TL;DR is usually a simple bulleted list that lets a reader see your conclusions at a glance. You never know—the TL;DR could inspire someone to go back and read the full article.</li></ul>
]]></content:encoded>
					
					<wfw:commentRss>./../../../close-strong/feed/index.html</wfw:commentRss>
			<slash:comments>0</slash:comments>
		
		
			</item>
	</channel>
</rss>
